allele,n,frequency
ε3,3879,0.7745607028753994
ε4,753,0.1503594249201278
ε2,375,0.07488019169329073
ε1,1,1.9968051118210862e-4
